Date,Time,Type,Category,Amount,Note
2026-09-30,09:40,Expense,Food,603.00,Breakfast poha
2026-09-29,17:20,Expense,Entertainment,1723.00,Concert
2026-09-29,12:10,Expense,Shopping,1775.00,Flipkart sale
2026-09-28,14:15,Expense,Vegetables,335.00,Weekly vegetables
2026-09-28,13:50,Expense,Food,371.00,
2026-09-27,14:15,Expense,Food,501.00,Breakfast poha
2026-09-27,12:00,Expense,Shopping,3491.00,Phone cover
2026-09-27,08:50,Expense,Transportation,529.00,Rapido bike taxi
2026-09-26,14:40,Expense,Food,205.00,Breakfast poha
2026-09-26,09:00,Expense,Transportation,613.00,Rapido bike taxi
2026-09-25,21:55,Expense,Food,338.00,
2026-09-25,18:05,Expense,Transportation,529.00,Rapido bike taxi
2026-09-25,11:30,Expense,Car,7800.00,Car EMI
2026-09-24,13:40,Expense,Food,249.00,Coffee with friends
2026-09-23,21:45,Expense,Food,618.00,Lunch at office canteen
2026-09-23,18:10,Expense,Transportation,389.00,Auto to office
2026-09-22,21:45,Expense,Food,228.00,Chai and samosa
2026-09-21,17:10,Income,Other,450.00,Cashback
2026-09-21,15:45,Expense,Vegetables,170.00,
2026-09-21,08:10,Expense,Food,475.00,
2026-09-20,11:30,Expense,Insurance,1450.00,Health insurance premium
2026-09-20,08:35,Expense,Food,506.00,Breakfast poha
2026-09-19,14:40,Expense,Fruits,50.00,Bananas and apples
2026-09-19,13:15,Expense,Vegetables,258.00,Sabzi mandi
2026-09-18,21:25,Expense,Food,635.00,Swiggy dinner
2026-09-18,19:30,Expense,Shopping,1019.00,Flipkart sale
2026-09-18,11:20,Expense,Fruits,185.00,Mangoes
2026-09-17,20:20,Expense,Shopping,1793.00,
2026-09-17,20:15,Expense,Vegetables,321.00,
2026-09-17,18:00,Expense,Transportation,748.00,Metro card recharge
2026-09-16,18:15,Expense,Transportation,331.00,Rapido bike taxi
2026-09-16,09:00,Expense,Food,547.00,Swiggy dinner
2026-09-15,18:30,Expense,Fruits,281.00,Bananas and apples
2026-09-15,17:40,Expense,Vegetables,105.00,Sabzi mandi
2026-09-15,13:15,Expense,Food,523.00,Zomato biryani
2026-09-15,10:00,Income,Investment,1401.00,Mutual fund dividend
2026-09-14,08:55,Expense,Food,312.00,Lunch at office canteen
2026-09-13,20:10,Expense,Food,454.00,Coffee with friends
2026-09-13,18:30,Expense,Shopping,3215.00,Amazon order
2026-09-13,09:25,Expense,Transportation,376.00,Bus pass
2026-09-12,19:55,Expense,Transportation,416.00,Petrol
2026-09-12,15:40,Expense,Fruits,290.00,Mangoes
2026-09-12,14:50,Expense,Vegetables,393.00,Sabzi mandi
2026-09-12,11:40,Expense,Wine,1650.00,Party drinks
2026-09-12,09:05,Expense,Food,90.00,Breakfast poha
2026-09-10,11:30,Expense,Education,2499.00,Online course EMI
2026-09-10,08:25,Expense,Food,609.00,Groceries - Big Bazaar
2026-09-09,20:10,Expense,Shopping,2940.00,
2026-09-09,19:55,Expense,Fruits,277.00,Mangoes
2026-09-09,14:30,Expense,Food,638.00,Breakfast poha
2026-09-09,11:50,Income,Rental,2500.00,Parking space rent
2026-09-08,21:10,Expense,Food,218.00,Chai and samosa
2026-09-08,11:30,Expense,Bills,999.00,Mobile and internet
2026-09-06,14:15,Expense,Pet,1569.00,
2026-09-06,08:00,Expense,Food,234.00,Lunch at office canteen
2026-09-05,17:40,Expense,Shopping,685.00,Phone cover
2026-09-05,11:30,Expense,Bills,1865.00,Electricity bill
2026-09-04,09:45,Expense,Food,641.00,
2026-09-03,21:35,Expense,Vegetables,75.00,Weekly vegetables
2026-09-03,21:25,Expense,Food,575.00,Swiggy dinner
2026-09-02,18:25,Expense,Vegetables,65.00,Weekly vegetables
2026-09-02,11:30,Expense,Home,18000.00,House rent
2026-09-01,14:55,Expense,Food,559.00,Swiggy dinner
2026-09-01,10:00,Income,Salary,78000.00,Monthly salary
2026-09-01,09:20,Expense,Transportation,872.00,Bus pass
2026-08-31,21:15,Expense,Food,472.00,
2026-08-30,15:45,Expense,Health,1109.00,Doctor visit
2026-08-30,13:35,Expense,Food,316.00,Chai and samosa
2026-08-30,08:05,Expense,Transportation,565.00,Rapido bike taxi
2026-08-29,21:45,Expense,Food,504.00,
2026-08-29,12:25,Income,Sale,3200.00,Sold old cycle
2026-08-28,14:25,Expense,Food,175.00,Swiggy dinner
2026-08-28,08:40,Expense,Transportation,200.00,
2026-08-27,19:35,Expense,Clothing,3411.00,Kurta for Diwali
2026-08-27,14:00,Expense,Food,320.00,Lunch at office canteen
2026-08-26,20:15,Expense,Food,224.00,Zomato biryani
2026-08-25,20:05,Expense,Food,206.00,Groceries - Big Bazaar
2026-08-25,11:30,Expense,Car,7800.00,Car EMI
2026-08-24,16:30,Expense,Entertainment,882.00,Netflix
2026-08-24,13:00,Expense,Food,150.00,Swiggy dinner
2026-08-23,20:50,Expense,Food,334.00,Lunch at office canteen
2026-08-23,18:20,Expense,Transportation,529.00,
2026-08-22,18:40,Expense,Transportation,80.00,Rapido bike taxi
2026-08-22,09:05,Expense,Food,547.00,Lunch at office canteen
2026-08-21,13:40,Expense,Food,220.00,Groceries - Big Bazaar
2026-08-21,08:50,Expense,Transportation,794.00,Rapido bike taxi
2026-08-20,16:50,Expense,Shopping,555.00,
2026-08-20,11:30,Expense,Insurance,1450.00,Health insurance premium
2026-08-19,12:55,Expense,Vegetables,203.00,Sabzi mandi
2026-08-19,08:25,Expense,Food,522.00,Zomato biryani
2026-08-18,13:45,Expense,Food,165.00,Zomato biryani
2026-08-17,14:05,Expense,Food,638.00,Coffee with friends
2026-08-16,20:55,Expense,Vegetables,297.00,
2026-08-16,18:05,Expense,Transportation,115.00,Rapido bike taxi
2026-08-16,08:20,Expense,Food,436.00,Lunch at office canteen
2026-08-15,20:30,Expense,Food,50.00,Lunch at office canteen
2026-08-15,18:40,Income,Awards,10000.00,Hackathon prize
2026-08-15,10:00,Income,Investment,1424.00,Mutual fund dividend
2026-08-13,21:05,Expense,Food,591.00,Chai and samosa
2026-08-13,08:25,Expense,Transportation,667.00,Metro card recharge
2026-08-12,18:20,Expense,Transportation,894.00,Uber to airport
2026-08-12,14:30,Expense,Food,561.00,Lunch at office canteen
2026-08-12,14:00,Expense,Vegetables,252.00,Sabzi mandi
2026-08-11,09:10,Expense,Food,180.00,Breakfast poha
2026-08-10,20:05,Expense,Food,185.00,Breakfast poha
2026-08-10,17:10,Expense,Shopping,2490.00,Amazon order
2026-08-10,15:25,Expense,Entertainment,843.00,Netflix
2026-08-10,11:30,Expense,Education,2499.00,Online course EMI
2026-08-09,19:10,Expense,Transportation,95.00,
2026-08-09,11:45,Income,Rental,2500.00,Parking space rent
2026-08-08,21:30,Expense,Food,180.00,Groceries - Big Bazaar
2026-08-08,19:30,Expense,Transportation,366.00,Bus pass
2026-08-08,11:30,Expense,Bills,999.00,Mobile and internet
2026-08-07,18:20,Expense,Transportation,662.00,
2026-08-07,09:20,Expense,Food,511.00,Groceries - Big Bazaar
2026-08-06,21:10,Expense,Vegetables,165.00,Sabzi mandi
2026-08-06,20:35,Expense,Food,421.00,Chai and samosa
2026-08-06,11:50,Expense,Shopping,2946.00,Phone cover
2026-08-06,09:35,Expense,Transportation,796.00,Petrol
2026-08-05,11:30,Expense,Bills,1946.00,Electricity bill
2026-08-05,09:55,Expense,Food,342.00,Groceries - Big Bazaar
2026-08-04,20:05,Expense,Food,180.00,Chai and samosa
2026-08-04,18:50,Expense,Shopping,1659.00,Household items
2026-08-03,19:55,Expense,Vegetables,340.00,Weekly vegetables
2026-08-02,21:35,Expense,Fruits,70.00,Mangoes
2026-08-02,11:30,Expense,Home,18000.00,House rent
2026-08-02,09:50,Expense,Food,90.00,Zomato biryani
2026-08-02,09:30,Expense,Transportation,422.00,Rapido bike taxi
2026-08-01,21:10,Expense,Food,535.00,Breakfast poha
2026-08-01,10:00,Income,Salary,78000.00,Monthly salary
2026-08-01,08:30,Expense,Transportation,557.00,
2026-07-30,21:15,Expense,Food,491.00,Breakfast poha
2026-07-30,14:00,Expense,Book,880.00,Kindle book
2026-07-29,13:55,Expense,Food,190.00,Coffee with friends
2026-07-28,18:45,Expense,Transportation,640.00,Uber to airport
2026-07-28,13:25,Expense,Food,150.00,Zomato biryani
2026-07-26,21:55,Expense,Food,511.00,Lunch at office canteen
2026-07-26,20:25,Expense,Fruits,70.00,Fruit basket
2026-07-26,11:30,Expense,Shopping,3371.00,
2026-07-25,11:30,Expense,Car,7800.00,Car EMI
2026-07-24,20:05,Expense,Vegetables,326.00,Sabzi mandi
2026-07-24,18:35,Expense,Transportation,45.00,Rapido bike taxi
2026-07-24,13:25,Expense,Food,246.00,Groceries - Big Bazaar
2026-07-24,12:35,Expense,Health,1512.00,
2026-07-23,14:50,Expense,Food,527.00,Swiggy dinner
2026-07-22,19:55,Expense,Entertainment,150.00,Spotify Premium
2026-07-22,19:10,Expense,Transportation,645.00,Metro card recharge
2026-07-22,16:30,Expense,Clothing,2383.00,
2026-07-22,08:20,Expense,Food,245.00,Lunch at office canteen
2026-07-21,14:45,Expense,Food,537.00,Groceries - Big Bazaar
2026-07-20,13:10,Expense,Clothing,3313.00,
2026-07-20,11:30,Expense,Insurance,1450.00,Health insurance premium
2026-07-20,09:15,Expense,Food,130.00,Chai and samosa
2026-07-20,08:30,Expense,Transportation,801.00,Rapido bike taxi
2026-07-19,21:45,Expense,Food,224.00,Chai and samosa
2026-07-19,19:45,Expense,Transportation,600.00,Petrol
2026-07-19,18:35,Expense,Travel,9400.00,Goa trip - hotel
2026-07-18,21:30,Expense,Food,85.00,Coffee with friends
2026-07-18,13:50,Expense,Travel,8600.00,Goa trip - flights
2026-07-17,21:05,Expense,Food,575.00,Breakfast poha
2026-07-17,08:45,Expense,Transportation,408.00,Bus pass
2026-07-16,21:10,Expense,Food,520.00,Lunch at office canteen
2026-07-16,19:15,Expense,Transportation,740.00,Petrol
2026-07-15,10:00,Income,Investment,1221.00,Mutual fund dividend
2026-07-15,08:40,Expense,Transportation,799.00,Petrol
2026-07-14,19:00,Expense,Transportation,125.00,Bus pass
2026-07-14,13:25,Expense,Food,510.00,Breakfast poha
2026-07-13,21:40,Expense,Food,223.00,Lunch at office canteen
2026-07-13,21:40,Expense,Vegetables,115.00,Weekly vegetables
2026-07-12,21:20,Expense,Food,281.00,Breakfast poha
2026-07-12,11:40,Expense,Shopping,903.00,Household items
2026-07-11,08:05,Expense,Transportation,548.00,Bus pass
2026-07-11,08:00,Expense,Food,396.00,Swiggy dinner
2026-07-10,17:20,Expense,Health,1000.00,
2026-07-10,13:05,Expense,Food,310.00,Lunch at office canteen
2026-07-10,11:30,Expense,Education,2499.00,Online course EMI
2026-07-10,08:15,Expense,Transportation,175.00,Petrol
2026-07-09,19:30,Expense,Transportation,388.00,
2026-07-09,09:35,Expense,Food,533.00,Zomato biryani
2026-07-08,21:50,Expense,Food,436.00,
2026-07-08,19:15,Expense,Shopping,223.00,
2026-07-08,11:30,Expense,Bills,999.00,Mobile and internet
2026-07-07,09:55,Expense,Food,336.00,Lunch at office canteen
2026-07-06,21:20,Expense,Food,305.00,
2026-07-06,18:10,Expense,Transportation,472.00,Metro card recharge
2026-07-06,10:05,Expense,Pet,1701.00,Vet visit
2026-07-05,14:15,Expense,Food,648.00,Swiggy dinner
2026-07-05,12:50,Expense,Vegetables,115.00,
2026-07-05,11:30,Expense,Bills,2199.00,Electricity bill
2026-07-04,09:30,Expense,Food,203.00,Zomato biryani
2026-07-02,16:05,Expense,Vegetables,248.00,Weekly vegetables
2026-07-02,14:10,Expense,Food,170.00,Coffee with friends
2026-07-02,11:30,Expense,Home,18000.00,House rent
2026-07-02,11:15,Expense,Entertainment,1576.00,Bowling with friends
2026-07-02,08:25,Expense,Transportation,555.00,
2026-07-01,10:05,Expense,Fruits,115.00,Bananas and apples
2026-07-01,10:00,Income,Salary,78000.00,Monthly salary
2026-07-01,08:15,Expense,Food,125.00,Lunch at office canteen
